Timestamp,Summary Content,Status
2025-12-30 12:07:36,"- **FediMeteo**: Global weather service runs from a â‚¬4 FreeBSD VPS.
- **Toro**: Deploys apps as unikernels for embedded systems.

  - Toro: 'Deploy Applications as Unikernels' (github.com/torokernel)

- **Electrochemistry breakthrough**: Solves contamination problems using electrolysis at ETH Zurich.

    - Link: electrolysis can solve one of our biggest contamination problems (ethz.ch/news)

- **Libsodium vulnerability**: Security issue discovered in the popular crypto library.

  - Source: 'A Vulnerability in Libsodium' reported by security researcher

- **Cross-platform development**: Building tools interoperable between Win32 and Linux.",Ready for Upload
2025-12-30 12:11:14,"<think>
Hmm, this user has provided a list of raw RSS headlines and wants me to summarize them in ""Smart Brevity"" style. They're looking for something concise but insightful - probably someone who wants to quickly grasp what these stories are about without reading lengthy articles.

I need to create a summary with bold headlines and bullet points containing links, while keeping it under 200 words total. This suggests they want efficient information processing, perhaps due to time constraints or the sheer volume of content they're dealing with.

Looking at these headlines: one is about FediMeteo using a small FreeBSD VPS for a global weather service - that's quite interesting! Then there's Toro deploying applications as unikernels. Electrolysis solving contamination problems from ETH Zurich, which seems like an innovative environmental solution. A vulnerability in Libsodium announced on 00f.net, and finally Loss32 wanting to build Win32/Linux systems.

As DeepSeek, I should provide a comprehensive yet brief summary that captures the essence of each headline without getting bogged down in details. The user might be interested in these topics because they're tech-savvy or work with developers who need practical updates on various technologies and innovations.

I'll structure my response with a bold main heading followed by bullet points for each item, making sure to include concise descriptions that highlight the key aspects of each topic while keeping it under 200 words. This should give them quick insights without overwhelming information.
</think>
**Tech Updates: Interesting Developments**

Here are brief highlights from recent news:

*   **FreeBSD VPS Powers Global Weather Service:** [FediMeteo](https://it-notes.dragas.net/2025/02/26/fedimeteo-how-a-tiny-freebsd-vps-became-a-global-weather-service-for-thousands/) demonstrates how lightweight systems can achieve impressive results.
*   **Toro Enables Unikernel Apps:** [Toro](https://github.com/torokernel/torokernel) allows deploying applications as highly optimized unikernels directly onto hardware hypervisors.
*   **Electrolysis for Pollution Control:** ETH Zurich researchers suggest [Electrolysis](https://ethz.ch/en/news-and-events/eth-news/news/2025/11/electrolysis-can-solve-one-of-our-biggest-contamination-problems.html) could be a key solution for tackling major contamination issues.
*   **Libsodium Security Flaw:** A vulnerability in the popular [cryptography library Libsodium](https://00f.net/2025/12/30/libsodium-vulnerability/) has been reported. (Note: Link provided points to a specific announcement, not necessarily an authoritative source).
*   **Loss32.org Platform:** The domain [Loss32](https://loss32.org/) aims to build and provide tools for Win32/Linux compatibility or development.

These updates cover innovations in system efficiency and deployment, environmental solutions, security vulnerabilities, and platform-related projects.",Ready for Upload
